{"cameraMode":{"drawMode":0,"name":"Shaded","section":"Shading Mode"},"sceneLighting":true,"audioPlay":false,"sceneViewState":{"showFog":true,"showMaterialUpdate":true,"showSkybox":true,"showFlares":true,"showImageEffects":true,"showParticleSystems":true},"in2DMode":false,"pivot":{"x":-1.835373878479004,"y":-1.389159917831421,"z":3.4378671646118166},"rotation":{"x":-0.1667487770318985,"y":0.29716402292251589,"z":-0.05278923362493515,"w":-0.9386702179908752},"size":2.183582067489624,"orthographic":false}