{"cameraMode":{"drawMode":0,"name":"Shaded","section":"Shading Mode"},"sceneLighting":true,"audioPlay":false,"sceneViewState":{"showFog":true,"showMaterialUpdate":true,"showSkybox":true,"showFlares":true,"showImageEffects":true,"showParticleSystems":true},"in2DMode":false,"pivot":{"x":0.026453912258148195,"y":-2.4669933319091799,"z":-1.304854393005371},"rotation":{"x":0.0004469461855478585,"y":0.9687102437019348,"z":-0.24818789958953858,"w":0.0017444725381210447},"size":16.22852897644043,"orthographic":false}